date_of_interest,CASE_COUNT,PROBABLE_CASE_COUNT,HOSPITALIZED_COUNT,DEATH_COUNT,PROBABLE_DEATH_COUNT,CASE_COUNT_7DAY_AVG,ALL_CASE_COUNT_7DAY_AVG,HOSP_COUNT_7DAY_AVG,DEATH_COUNT_7DAY_AVG,ALL_DEATH_COUNT_7DAY_AVG,BX_CASE_COUNT,BX_PROBABLE_CASE_COUNT,BX_HOSPITALIZED_COUNT,BX_DEATH_COUNT,BX_PROBABLE_DEATH_COUNT,BX_CASE_COUNT_7DAY_AVG,BX_PROBABLE_CASE_COUNT_7DAY_AVG,BX_ALL_CASE_COUNT_7DAY_AVG,BX_HOSPITALIZED_COUNT_7DAY_AVG,BX_DEATH_COUNT_7DAY_AVG,BX_ALL_DEATH_COUNT_7DAY_AVG,BK_CASE_COUNT,BK_PROBABLE_CASE_COUNT,BK_HOSPITALIZED_COUNT,BK_DEATH_COUNT,BK_PROBABLE_DEATH_COUNT,BK_CASE_COUNT_7DAY_AVG,BK_PROBABLE_CASE_COUNT_7DAY_AVG,BK_ALL_CASE_COUNT_7DAY_AVG,BK_HOSPITALIZED_COUNT_7DAY_AVG,BK_DEATH_COUNT_7DAY_AVG,BK_ALL_DEATH_COUNT_7DAY_AVG,MN_CASE_COUNT,MN_PROBABLE_CASE_COUNT,MN_HOSPITALIZED_COUNT,MN_DEATH_COUNT,MN_PROBABLE_DEATH_COUNT,MN_CASE_COUNT_7DAY_AVG,MN_PROBABLE_CASE_COUNT_7DAY_AVG,MN_ALL_CASE_COUNT_7DAY_AVG,MN_HOSPITALIZED_COUNT_7DAY_AVG,MN_DEATH_COUNT_7DAY_AVG,MN_ALL_DEATH_COUNT_7DAY_AVG,QN_CASE_COUNT,QN_PROBABLE_CASE_COUNT,QN_HOSPITALIZED_COUNT,QN_DEATH_COUNT,QN_PROBABLE_DEATH_COUNT,QN_CASE_COUNT_7DAY_AVG,QN_PROBABLE_CASE_COUNT_7DAY_AVG,QN_ALL_CASE_COUNT_7DAY_AVG,QN_HOSPITALIZED_COUNT_7DAY_AVG,QN_DEATH_COUNT_7DAY_AVG,QN_ALL_DEATH_COUNT_7DAY_AVG,SI_CASE_COUNT,SI_PROBABLE_CASE_COUNT,SI_HOSPITALIZED_COUNT,SI_DEATH_COUNT,SI_PROBABLE_DEATH_COUNT,SI_CASE_COUNT_7DAY_AVG,SI_PROBABLE_CASE_COUNT_7DAY_AVG,SI_ALL_CASE_COUNT_7DAY_AVG,SI_HOSPITALIZED_COUNT_7DAY_AVG,SI_DEATH_COUNT_7DAY_AVG,SI_ALL_DEATH_COUNT_7DAY_AVG,INCOMPLETE
09/17/2021,1524,445,83,11,0,1449,1860,87,11,12,173,83,13,2,0,184,73,256,15,2,2,560,128,23,6,0,520,136,656,27,5,5,321,99,19,1,0,285,78,363,15,1,1,366,102,26,1,0,335,94,429,24,3,3,104,33,4,1,0,124,31,155,7,1,1,0
09/18/2021,950,344,84,10,1,1437,1851,87,11,11,105,61,17,2,0,179,73,251,15,2,2,357,108,29,1,0,523,135,658,28,4,4,135,50,17,1,0,280,77,357,16,1,1,263,95,22,6,1,332,97,429,24,3,3,89,30,3,0,0,122,33,154,7,1,1,0
09/19/2021,1060,445,70,16,1,1415,1844,84,11,12,140,84,8,2,0,181,75,255,14,2,2,465,139,24,9,0,518,135,653,27,5,5,162,68,13,1,0,272,79,351,16,1,1,214,119,15,4,1,326,105,430,22,3,3,79,35,10,0,0,118,35,154,7,1,1,0
09/20/2021,1640,497,96,16,0,1401,1837,84,12,12,244,112,26,2,0,184,81,264,16,2,2,546,123,25,7,0,505,129,635,26,5,5,294,88,20,2,0,261,79,340,15,1,1,404,139,18,4,0,328,111,439,22,3,4,151,35,8,1,0,122,36,158,7,1,1,0
09/21/2021,1300,462,84,13,0,1352,1792,84,12,13,201,98,17,1,0,184,84,268,16,2,2,397,136,24,4,0,475,129,604,25,5,5,283,85,14,2,0,257,78,335,14,1,1,323,120,24,6,0,321,116,436,23,4,4,95,23,5,0,0,115,33,148,7,1,1,0
09/22/2021,1424,448,94,13,0,1326,1765,85,13,13,205,97,19,2,0,180,87,267,17,2,2,511,129,32,6,0,470,127,597,25,5,5,284,66,13,0,0,252,77,329,15,1,1,309,119,25,5,0,314,114,429,22,4,5,112,37,5,0,0,109,33,142,6,0,0,0
09/23/2021,1291,475,95,11,0,1313,1758,87,13,13,138,95,16,2,0,172,90,262,17,2,2,513,154,39,2,0,478,131,609,28,5,5,223,81,11,1,0,243,77,320,15,1,1,327,119,20,5,0,315,116,431,21,4,5,89,26,9,1,0,103,31,134,6,0,0,0
09/24/2021,1225,446,80,9,2,1270,1715,86,13,13,155,102,10,4,1,170,93,262,16,2,2,452,130,33,2,1,463,131,594,29,4,5,239,60,13,0,0,231,71,303,14,1,1,295,124,24,2,0,305,119,424,21,5,5,82,30,2,1,0,100,31,130,6,0,0,0
09/25/2021,814,328,65,15,1,1251,1694,83,13,14,99,74,15,3,0,169,95,263,16,2,2,310,101,23,5,1,456,130,587,29,5,5,131,51,3,1,0,231,71,302,12,1,1,191,84,21,5,0,295,118,412,21,4,5,82,18,4,1,0,99,29,128,6,1,1,0
09/26/2021,855,353,53,15,1,1221,1651,81,13,14,97,66,10,3,1,163,92,255,16,2,3,333,112,19,5,0,437,126,564,28,4,5,139,54,6,0,0,228,69,297,11,1,1,200,95,14,3,0,293,114,407,21,4,4,86,26,4,4,0,100,28,127,5,1,1,0
09/27/2021,1389,415,71,17,0,1185,1604,77,13,14,184,102,17,5,0,154,91,245,15,3,3,517,118,27,4,0,433,126,559,28,4,4,252,72,5,3,0,222,67,289,9,1,1,324,106,20,5,0,281,110,391,21,4,4,111,17,4,0,0,94,25,119,5,1,1,0
09/28/2021,1117,407,64,13,1,1159,1570,75,13,14,156,107,11,2,0,148,92,240,14,3,3,355,104,19,5,1,427,121,548,27,4,5,212,58,10,2,0,211,63,275,9,1,1,296,109,21,4,0,277,108,385,21,4,4,97,29,6,0,0,94,26,120,5,1,1,0
09/29/2021,1096,416,62,13,1,1112,1518,70,13,14,151,87,16,1,0,140,90,230,14,3,3,367,121,22,3,0,407,120,527,26,4,4,212,67,8,1,0,201,63,264,8,1,1,268,109,13,6,1,272,107,378,19,4,4,97,32,4,2,0,92,25,117,5,1,1,0
09/30/2021,1132,429,60,8,0,1090,1489,65,13,14,148,92,13,0,0,141,90,231,13,3,3,453,145,18,3,0,398,119,517,23,4,4,199,61,7,0,0,198,60,258,7,1,1,239,98,17,4,0,259,104,363,19,4,4,92,33,6,1,0,92,26,119,4,1,1,0
10/01/2021,1082,424,82,7,0,1069,1465,65,13,13,133,78,17,1,0,138,87,225,14,2,2,408,132,29,2,0,392,119,511,22,4,4,212,70,9,1,0,194,62,256,7,1,1,253,117,31,3,0,253,103,356,20,4,4,76,27,2,0,0,92,26,118,4,1,1,0
10/02/2021,677,293,58,12,0,1050,1441,64,12,13,74,50,17,2,0,135,83,218,14,2,2,280,98,13,4,0,388,119,506,21,4,4,120,47,6,0,0,192,61,254,7,1,1,155,80,21,6,0,248,102,350,20,4,5,48,18,4,0,0,87,26,113,4,1,1,0
10/03/2021,898,293,62,13,0,1056,1438,66,12,12,63,47,11,3,0,130,80,210,15,2,2,455,104,27,5,0,405,117,522,22,4,4,93,49,10,3,0,186,61,246,8,1,1,217,73,16,2,0,250,99,349,20,4,4,69,19,2,0,0,84,25,109,4,0,0,0
10/04/2021,1271,431,74,12,1,1039,1424,66,11,12,162,89,16,5,0,127,79,205,14,2,2,513,124,25,3,0,404,118,523,22,4,4,219,67,10,1,0,181,60,241,9,1,1,290,115,20,2,1,245,100,346,20,4,4,87,36,3,1,0,81,28,109,4,1,1,0
10/05/2021,1266,375,68,6,0,1060,1440,67,10,10,168,62,10,1,0,128,72,201,14,2,2,503,135,26,1,0,426,123,548,23,3,3,225,65,14,0,0,183,61,244,9,1,1,264,93,14,3,0,241,98,339,19,4,4,106,20,4,1,0,82,26,109,4,1,1,0
10/06/2021,1138,354,61,15,1,1066,1438,66,10,11,137,62,13,4,1,126,69,195,14,2,2,483,106,11,6,0,442,121,563,21,3,3,218,72,11,2,0,184,62,245,10,1,1,226,94,23,1,0,235,96,331,20,3,3,74,20,7,2,0,79,25,104,4,1,1,0
10/07/2021,1071,391,62,13,0,1058,1423,67,11,11,121,62,15,3,0,123,64,187,14,3,3,404,118,11,2,0,435,117,552,20,3,3,180,80,9,3,0,181,64,245,10,1,1,268,107,20,4,0,239,97,336,21,3,3,98,24,7,1,0,80,23,103,4,1,1,0
10/08/2021,1010,358,41,17,0,1047,1404,61,13,13,125,56,8,0,0,121,61,183,13,3,3,448,110,11,7,0,441,114,554,18,4,4,169,59,11,2,0,175,63,238,10,2,2,190,111,10,6,0,230,96,326,18,3,4,78,22,3,2,0,80,23,103,4,1,1,0
10/09/2021,608,250,69,8,0,1037,1388,62,12,12,66,46,14,0,0,120,61,181,12,2,2,248,96,25,3,0,436,113,550,19,4,4,94,45,10,1,0,171,62,234,11,2,2,145,47,16,4,0,229,91,320,17,3,3,55,16,4,0,0,81,22,103,4,1,1,0
10/10/2021,683,240,47,16,1,1007,1349,60,12,13,60,47,11,1,0,120,61,180,12,2,2,306,85,16,5,0,415,111,526,18,4,4,94,41,7,3,0,171,61,233,10,2,2,151,50,7,3,1,219,88,307,16,3,4,71,17,7,4,0,81,22,103,5,2,2,0
10/11/2021,927,331,51,9,0,958,1286,57,12,12,107,66,9,1,0,112,57,169,11,1,2,359,104,12,1,0,393,108,501,16,4,4,173,56,10,0,0,165,60,224,10,2,2,222,82,15,6,0,209,83,293,15,4,4,66,23,5,1,0,78,20,99,5,2,2,0
10/12/2021,1138,321,46,3,1,939,1260,54,12,12,124,47,7,0,0,106,55,161,11,1,1,460,124,12,1,0,387,106,493,14,4,4,203,56,9,0,0,162,58,220,10,2,2,238,78,18,1,1,206,81,287,16,4,4,113,16,4,1,0,79,20,99,5,2,2,0
10/13/2021,1104,298,67,9,0,934,1247,55,11,11,119,53,14,1,0,103,54,157,11,1,1,407,107,22,2,0,376,106,482,16,3,3,228,51,14,0,0,163,55,218,10,1,1,236,59,13,5,0,207,76,283,14,4,4,114,28,8,1,0,85,21,106,5,1,1,0
10/14/2021,1021,312,47,8,0,927,1229,53,10,10,108,62,11,0,0,101,54,155,11,0,0,425,115,10,2,0,379,106,485,15,3,3,174,45,8,1,0,162,50,213,10,1,1,203,72,17,4,0,198,71,269,14,4,4,111,18,2,1,0,87,20,107,5,1,1,0
10/15/2021,880,256,54,7,1,909,1196,54,9,9,111,40,11,2,0,99,52,151,11,1,1,320,91,11,2,0,361,103,464,15,2,2,161,31,13,0,0,161,46,207,10,1,1,207,70,16,3,1,200,65,266,15,4,4,81,24,3,0,0,87,20,108,5,1,1,0
10/16/2021,484,209,51,6,0,891,1172,52,8,9,53,26,10,0,0,97,49,146,10,1,1,192,83,16,4,0,353,101,454,14,2,2,55,35,5,0,0,155,45,200,9,1,1,137,46,15,1,0,199,65,264,14,3,4,47,19,6,1,0,86,21,107,5,1,1,0
10/17/2021,584,218,47,9,2,877,1155,52,7,8,48,41,2,2,0,96,48,144,9,1,1,260,78,28,3,1,346,100,446,16,2,2,79,34,7,1,0,153,44,197,9,0,0,131,51,10,3,1,196,65,262,15,3,4,66,14,2,0,0,85,20,106,4,1,1,0
10/18/2021,855,333,53,10,1,867,1145,52,7,8,105,57,10,1,0,95,47,142,9,1,1,357,114,18,5,1,346,102,448,17,3,3,140,58,2,0,0,149,44,193,8,0,0,173,76,15,3,0,189,65,254,15,3,3,80,28,9,1,0,87,21,108,5,1,1,0
10/19/2021,787,222,50,10,1,816,1080,53,8,9,92,42,12,1,0,91,46,137,10,1,1,309,82,18,3,0,324,96,420,18,3,3,133,37,8,2,1,139,42,180,8,1,1,171,45,10,3,0,180,60,240,14,3,3,82,16,3,1,0,83,21,104,5,1,1,0
10/20/2021,793,227,50,6,1,772,1026,50,8,9,97,34,9,1,0,88,43,131,9,1,1,292,84,17,3,0,308,92,400,17,3,3,154,43,9,0,1,128,40,168,7,1,1,175,58,9,2,0,171,60,231,13,3,3,75,8,6,0,0,77,18,96,4,1,1,0
10/21/2021,804,211,43,13,0,741,980,50,9,10,84,48,6,2,0,84,41,125,9,1,1,339,70,14,3,0,296,86,382,17,3,4,131,40,3,1,0,122,40,162,7,1,1,164,39,15,6,0,165,55,220,13,3,3,86,14,6,1,0,74,18,91,5,1,1,0
10/22/2021,679,242,43,9,1,712,950,48,9,10,85,53,12,2,0,81,43,124,9,1,1,255,77,18,1,1,286,84,370,18,3,4,130,40,3,1,0,117,41,158,5,1,1,134,59,7,3,0,155,53,208,12,3,3,74,13,4,2,0,73,16,89,5,1,1,0
10/23/2021,444,159,42,10,0,707,937,47,10,10,55,31,7,1,0,81,44,125,8,1,1,162,53,17,4,0,282,80,362,19,3,4,92,25,6,0,0,123,40,162,5,1,1,74,37,8,5,0,146,52,198,11,4,4,61,13,6,0,0,75,15,90,5,1,1,0
10/24/2021,440,166,41,14,0,686,909,46,10,11,37,34,8,3,0,79,43,122,9,2,2,196,58,12,4,0,273,77,350,16,3,4,65,25,7,0,0,121,38,159,5,1,1,84,36,9,4,0,139,50,189,10,4,4,57,13,5,3,0,74,15,89,6,1,1,0
10/25/2021,883,256,36,9,0,690,902,44,10,11,94,62,5,2,0,78,43,121,8,2,2,358,87,14,5,0,273,73,346,16,3,3,163,50,4,0,0,124,37,161,6,1,1,187,47,11,2,0,141,46,187,10,4,4,80,10,2,0,0,74,12,86,5,1,1,0
10/26/2021,594,162,40,8,0,662,866,42,10,10,64,26,6,2,0,74,41,115,8,2,2,236,55,18,2,0,263,69,332,16,3,3,100,34,4,1,0,119,37,156,5,0,1,125,36,9,2,0,135,45,179,10,3,3,69,11,3,1,0,72,12,83,5,1,1,0
10/27/2021,753,232,45,9,1,657,861,41,10,11,99,45,7,0,0,74,43,117,7,2,2,286,71,16,5,1,262,67,329,16,3,4,144,50,8,1,0,118,38,156,5,1,1,154,54,12,3,0,132,44,176,10,4,4,70,12,2,0,0,71,12,83,4,1,1,0
10/28/2021,729,211,36,7,0,646,850,40,9,10,81,41,9,1,0,74,42,115,8,2,2,309,80,11,2,0,257,69,326,15,3,4,120,40,10,1,0,116,38,154,6,1,1,143,35,5,2,0,129,43,172,9,3,3,76,15,1,1,0,70,12,82,3,1,1,0
10/29/2021,636,210,27,4,0,640,839,38,9,9,86,29,6,1,0,74,38,112,7,1,1,229,62,8,0,0,254,67,320,14,3,3,122,51,6,1,0,115,39,154,6,1,1,143,54,5,2,0,130,43,173,8,3,3,56,14,3,0,0,67,13,80,3,1,1,0
10/30/2021,395,167,24,9,0,633,833,36,9,9,40,24,6,0,0,72,37,109,7,1,1,155,61,9,2,0,253,68,320,13,3,3,61,31,1,3,0,111,40,151,6,1,1,100,40,4,4,0,134,43,177,8,3,3,39,11,4,0,0,64,12,76,3,1,1,0
10/31/2021,444,160,28,7,0,633,833,34,8,8,46,23,5,0,0,73,36,109,6,1,1,198,53,7,0,0,253,67,320,12,2,2,59,30,7,1,0,110,41,151,6,1,1,109,43,7,5,0,137,44,181,8,3,3,32,11,3,1,0,60,12,72,3,0,0,0
11/01/2021,772,302,36,4,0,618,824,34,7,7,73,51,6,0,0,70,34,104,6,1,1,310,105,10,2,0,246,70,316,11,2,2,139,58,4,1,0,106,42,148,6,1,1,193,71,12,1,0,138,48,186,8,3,3,57,17,4,0,0,57,13,70,3,0,0,0
11/02/2021,799,257,44,9,0,647,867,34,7,7,74,45,10,1,0,71,37,108,7,0,0,301,87,16,3,0,255,74,330,11,2,2,172,57,4,0,0,117,45,162,6,1,1,190,54,9,2,0,147,50,198,8,3,3,61,14,5,3,0,56,13,69,3,1,1,0
11/03/2021,814,296,50,7,0,656,885,35,7,7,73,40,12,1,0,68,36,104,8,1,1,297,74,22,2,0,257,75,332,12,2,2,178,68,4,1,0,122,48,169,5,1,1,200,103,9,3,0,154,57,211,7,3,3,65,11,4,0,0,55,13,68,3,1,1,0
11/04/2021,892,280,37,4,0,679,918,35,6,6,106,52,6,0,0,71,38,109,7,0,0,343,87,14,3,0,262,76,337,12,2,2,206,60,4,0,0,134,51,185,4,1,1,183,71,12,0,0,160,62,222,8,2,2,53,10,3,1,0,52,13,64,4,1,1,0
11/05/2021,764,286,30,5,0,697,947,36,6,6,90,42,10,1,0,72,40,111,8,0,0,289,78,10,3,0,270,78,348,13,2,2,147,75,4,0,0,137,54,192,4,1,1,184,76,5,1,0,166,65,231,8,2,2,54,15,4,0,0,52,13,64,4,1,1,0
11/06/2021,497,239,34,11,1,712,972,37,7,7,55,39,11,1,0,74,42,116,9,1,1,196,81,11,2,0,276,81,357,13,2,2,73,53,4,0,0,139,57,196,4,0,0,131,53,6,4,1,170,67,237,9,2,2,41,13,3,4,0,52,13,65,4,1,1,0
11/07/2021,534,238,33,8,0,725,996,38,7,7,45,38,4,0,0,74,44,118,8,1,1,201,87,14,3,0,277,86,362,14,3,3,104,43,2,1,0,146,59,205,4,0,0,132,47,10,2,0,173,68,241,9,2,2,52,23,5,2,0,55,15,69,4,1,1,0
11/08/2021,1124,329,44,8,0,775,1050,39,7,8,138,56,14,2,0,83,45,128,10,1,1,397,96,16,1,0,289,84,373,15,2,2,229,79,2,1,0,158,62,221,3,0,0,269,74,7,3,0,184,68,252,8,2,2,90,23,6,1,0,59,16,75,4,2,2,0
11/09/2021,1022,301,32,12,0,807,1088,37,8,8,98,42,5,3,0,86,44,131,9,1,1,353,87,6,5,0,297,84,381,13,3,3,241,69,5,0,0,168,64,232,4,0,0,241,83,11,2,0,191,72,264,9,2,2,89,20,6,2,0,63,16,80,4,1,1,0
11/10/2021,1038,374,44,7,0,839,1131,36,8,8,121,72,12,0,0,93,49,142,9,1,1,358,107,14,3,0,305,89,394,12,3,3,236,72,4,1,0,177,64,241,4,0,0,255,96,12,2,0,199,71,271,9,2,2,67,27,2,1,0,64,19,82,4,2,2,0
11/11/2021,869,335,45,6,0,835,1136,37,8,8,89,70,9,1,0,91,51,142,9,1,1,344,105,19,4,0,305,92,397,13,3,3,167,61,3,0,0,171,65,236,3,0,0,222,80,12,1,0,205,73,278,9,2,2,46,19,3,0,0,63,20,83,4,1,1,0
11/12/2021,1017,337,39,14,2,872,1179,39,9,10,108,53,8,2,1,93,53,146,9,1,1,370,99,14,6,0,317,95,412,13,3,3,196,69,6,1,0,178,64,242,4,1,1,254,90,11,2,1,215,75,290,10,2,3,89,25,1,3,0,68,21,89,4,2,2,0
11/13/2021,610,227,36,5,2,888,1194,39,9,9,64,33,4,1,0,95,52,147,8,1,1,239,64,18,3,2,323,92,415,14,4,4,103,57,4,0,0,182,64,247,4,1,1,154,59,8,0,0,218,76,294,10,2,2,50,14,4,1,0,69,22,91,4,1,1,0
11/14/2021,682,276,36,5,0,909,1220,39,8,9,47,48,3,2,0,95,53,148,8,2,2,255,86,17,1,0,331,92,423,15,3,4,140,52,4,1,0,187,66,253,4,1,1,169,76,10,0,0,223,80,303,10,1,2,70,14,4,1,0,72,20,92,4,1,1,0
11/15/2021,1250,395,45,9,3,927,1248,40,8,9,135,72,8,2,0,95,56,150,7,2,2,420,134,9,3,1,334,97,432,14,4,4,250,66,10,2,0,190,64,254,5,1,1,319,96,15,2,1,231,83,313,11,1,2,126,27,3,0,1,77,21,98,3,1,1,0
11/16/2021,1261,356,37,10,0,961,1290,40,8,9,150,63,8,2,0,102,59,161,7,1,2,425,91,8,1,0,344,98,442,14,3,3,283,61,6,1,0,196,63,259,5,1,1,300,117,11,4,0,239,88,327,11,2,2,101,23,5,2,0,78,21,100,3,1,1,0
11/17/2021,1317,399,52,8,0,1001,1333,41,8,9,161,71,11,1,0,108,59,166,7,2,2,429,116,18,1,0,355,99,454,15,3,3,282,77,10,2,0,203,63,266,6,1,1,347,98,12,3,0,252,88,340,11,2,2,98,35,3,1,0,83,22,105,3,1,1,0
11/18/2021,1283,391,47,8,0,1060,1400,42,8,9,170,69,12,2,0,119,58,178,8,2,2,424,104,18,3,0,366,99,465,15,3,3,289,100,2,0,0,220,69,289,6,1,1,304,94,13,3,0,264,90,354,11,2,2,96,24,3,0,0,90,23,113,3,1,1,0
11/19/2021,1172,403,44,9,0,1082,1432,42,8,8,111,73,4,1,0,120,61,181,7,2,2,349,108,18,2,0,363,100,463,15,2,2,268,75,5,1,0,231,70,300,6,1,1,328,123,17,5,0,274,95,369,12,2,3,116,24,2,0,0,94,23,117,3,1,1,0
11/20/2021,808,321,48,10,0,1110,1473,44,8,9,71,58,8,2,0,121,65,186,8,2,2,275,89,19,3,0,368,104,472,15,2,2,140,62,6,1,0,236,70,306,6,1,1,243,100,13,4,0,287,101,388,13,3,3,79,12,2,0,0,98,23,121,3,1,1,0
11/21/2021,833,330,37,5,0,1132,1503,44,8,9,71,50,4,1,0,124,65,189,8,2,2,292,93,12,1,0,373,105,478,15,2,2,148,60,7,0,0,237,72,309,7,1,1,231,109,12,2,0,296,105,401,13,3,3,91,18,3,1,0,101,23,124,3,1,1,0
11/22/2021,1504,505,51,7,2,1168,1555,45,8,8,151,80,12,0,0,126,66,193,8,1,1,515,167,16,4,1,387,110,497,16,2,2,297,88,5,0,0,244,75,319,6,1,1,393,139,15,2,1,307,111,418,13,3,3,148,31,3,1,0,104,24,128,3,1,1,0
11/23/2021,1354,373,50,6,0,1182,1570,47,8,8,142,52,9,1,0,125,65,190,9,1,1,472,113,18,4,0,394,113,507,17,3,3,286,67,3,0,0,244,76,320,5,1,1,348,113,17,1,0,313,111,424,14,3,3,105,28,5,0,0,105,25,129,3,0,0,0
11/24/2021,1393,468,57,10,3,1192,1591,48,8,9,157,69,17,2,0,125,64,189,9,1,1,451,131,15,5,1,397,115,512,17,3,3,255,75,11,1,2,240,75,316,6,0,1,376,156,9,2,0,318,119,437,14,3,3,154,37,6,0,0,113,25,138,3,0,0,0
11/25/2021,532,264,56,8,0,1085,1466,49,8,9,34,45,10,0,0,105,61,166,9,1,1,190,80,23,3,0,363,112,475,17,3,3,104,53,2,0,0,214,69,283,6,0,1,148,70,18,3,0,295,116,411,14,3,3,56,16,3,2,0,107,24,131,3,1,1,0
11/26/2021,1156,435,63,11,2,1083,1468,52,8,9,142,74,14,2,0,110,61,171,11,1,1,360,106,18,3,1,365,111,476,17,3,4,198,75,8,1,0,204,69,273,6,0,1,344,144,16,4,0,298,119,416,14,3,3,111,35,8,1,1,106,25,132,4,1,1,0
11/27/2021,954,375,50,8,0,1104,1497,52,8,9,100,54,7,1,0,114,61,174,10,1,1,297,103,19,3,0,368,113,481,17,3,4,155,69,6,1,0,206,70,276,6,0,1,296,112,15,2,0,305,120,426,15,2,2,105,37,5,1,0,110,29,139,5,1,1,0
11/28/2021,1056,419,49,8,1,1136,1541,54,8,9,87,64,9,2,0,116,63,179,11,1,1,319,116,15,1,1,372,117,489,18,3,4,192,69,5,0,0,212,71,283,6,0,1,328,136,19,5,0,319,124,443,16,3,3,128,34,4,0,0,115,31,146,5,1,1,0
11/29/2021,2310,646,69,10,0,1251,1676,56,9,10,285,111,12,1,0,135,67,202,11,1,1,661,189,26,5,0,393,120,513,19,3,4,454,131,7,1,0,235,77,312,6,1,1,670,173,19,3,0,359,129,488,16,3,3,238,42,6,0,0,128,33,161,5,1,1,0
11/30/2021,1962,562,73,6,0,1338,1790,60,9,10,273,100,17,0,0,154,74,228,12,1,1,567,155,16,3,0,406,126,532,19,3,4,384,88,10,0,0,249,80,329,7,1,1,557,185,27,2,0,388,139,528,18,3,3,178,33,5,1,0,139,33,172,5,1,1,0
12/01/2021,2155,672,79,15,2,1446,1928,63,9,10,277,96,13,3,0,171,78,249,12,1,1,693,190,26,7,1,441,134,575,20,4,4,398,105,17,0,0,269,84,354,8,0,0,571,233,23,3,1,416,150,567,20,3,3,216,48,3,2,0,147,35,182,5,1,1,0
12/02/2021,2057,663,71,14,1,1664,2203,65,10,11,300,101,15,4,0,209,86,295,12,2,2,621,186,27,5,1,503,149,652,21,4,4,388,114,10,1,0,310,93,403,9,1,1,536,209,16,3,0,472,170,642,19,3,3,211,53,7,1,0,170,40,210,5,1,1,0
12/03/2021,1874,572,88,13,0,1767,2325,68,11,11,239,105,22,1,0,223,90,313,14,2,2,580,146,22,7,0,534,155,689,22,4,5,312,89,13,1,0,326,95,421,10,1,1,542,193,28,2,0,500,177,677,21,3,3,201,39,7,2,0,182,41,223,5,1,1,0
12/04/2021,1292,480,78,10,1,1815,2389,72,11,12,173,96,18,2,0,233,96,330,15,2,2,376,116,28,4,1,545,157,702,23,5,5,178,103,13,1,0,329,100,429,11,1,1,400,133,18,3,0,515,180,695,21,3,3,165,32,3,0,0,191,40,231,5,1,1,0
12/05/2021,1380,546,96,13,0,1861,2453,79,12,12,120,89,16,0,0,238,100,338,16,2,2,455,144,30,6,0,565,161,726,25,5,6,235,85,16,3,0,336,102,438,12,1,1,408,193,28,4,0,526,188,715,23,3,3,162,35,8,0,0,196,40,236,6,1,1,0
12/06/2021,2734,801,111,8,1,1922,2536,85,11,12,347,153,20,2,0,247,106,353,17,2,2,838,189,50,3,1,590,161,751,28,5,6,572,167,10,1,0,352,107,460,13,1,1,727,231,28,2,0,534,197,731,24,3,3,249,61,4,0,0,197,43,240,5,1,1,0
12/07/2021,2808,713,113,14,1,2043,2678,91,12,13,322,108,28,4,0,254,107,361,19,2,2,879,191,31,4,1,635,166,801,31,5,6,634,173,14,0,0,388,119,508,13,1,1,711,196,36,3,0,556,198,755,25,3,3,262,45,7,3,0,209,45,254,6,1,1,0
12/08/2021,3038,845,104,6,0,2169,2829,94,11,12,326,124,22,2,0,261,111,372,20,2,2,953,222,37,0,0,672,171,842,32,4,5,785,203,20,0,0,443,133,577,14,1,1,715,229,27,4,0,577,198,775,26,3,3,258,65,5,0,0,215,47,263,6,1,1,0
12/09/2021,2924,821,102,10,2,2293,2975,99,11,11,344,131,23,4,1,267,115,382,21,2,2,885,238,31,3,0,709,178,887,33,4,4,709,184,14,1,0,489,143,633,14,1,1,721,214,29,2,1,603,198,802,28,3,3,264,54,6,0,0,223,47,270,6,1,1,0
12/10/2021,2967,810,122,16,1,2449,3166,104,11,12,327,143,41,2,0,280,121,400,24,2,2,960,216,33,7,1,764,188,952,34,4,4,696,189,12,1,0,544,158,702,14,1,1,735,208,31,6,0,631,201,832,28,3,4,249,54,9,0,0,230,49,279,6,0,0,11000
12/11/2021,2075,373,88,7,1,2561,3262,105,11,11,255,59,26,1,0,292,115,407,25,2,2,599,120,28,1,0,796,189,984,34,3,4,462,63,10,3,0,585,152,737,14,1,1,568,106,19,2,1,655,197,852,28,3,4,191,23,8,0,0,234,48,282,7,0,0,11000
12/12/2021,2555,848,94,16,0,2729,3473,105,11,12,243,114,23,4,0,309,119,428,26,3,3,799,273,37,7,0,845,207,1052,35,4,4,691,227,9,0,0,650,172,822,13,1,1,616,196,22,4,0,685,197,882,27,3,4,205,38,5,1,0,240,49,288,6,1,1,11000
12/13/2021,5859,1478,111,16,0,3175,4016,105,12,13,655,234,25,0,0,353,130,484,27,2,3,1845,377,38,5,0,989,234,1222,34,4,4,1600,430,21,1,0,797,210,1007,14,1,1,1346,354,21,8,0,773,215,988,26,4,4,410,80,8,2,0,263,51,314,7,1,1,11000
12/14/2021,7917,2085,102,8,1,3905,4942,103,11,12,774,240,27,0,0,418,149,567,27,2,2,2457,619,33,3,1,1214,295,1509,34,4,4,2759,689,19,2,0,1100,284,1384,15,1,1,1483,452,21,2,0,883,251,1135,24,4,4,442,79,6,1,0,288,56,345,7,1,1,11000
12/15/2021,7481,2790,107,8,0,4540,5855,104,12,12,715,303,23,3,0,473,175,648,27,2,2,2454,769,39,1,0,1428,373,1802,34,4,4,2524,954,14,2,0,1349,391,1740,14,1,1,1372,598,25,1,0,977,304,1281,24,4,4,414,155,7,1,0,311,69,380,7,1,1,11000
12/16/2021,4342,1006,17,5,0,4742,6084,92,11,11,572,84,0,2,0,506,168,674,24,2,2,1398,350,11,1,0,1502,389,1891,31,4,4,1339,258,1,1,0,1439,401,1840,12,1,1,852,207,4,0,0,996,303,1299,20,3,3,178,104,3,1,0,298,76,375,7,1,1,11000
